{"cameraMode":{"drawMode":0,"name":"Shaded","section":"Shading Mode"},"sceneLighting":true,"audioPlay":false,"sceneViewState":{"m_AlwaysRefresh":false,"showFog":true,"showSkybox":true,"showFlares":true,"showImageEffects":true,"showParticleSystems":true,"showVisualEffectGraphs":true,"m_FxEnabled":true},"in2DMode":false,"pivot":{"x":4.610828876495361,"y":0.7571029663085938,"z":-17.668312072753908},"rotation":{"x":-0.2727958559989929,"y":-0.008085455745458603,"z":0.002287725917994976,"w":-0.9620317816734314},"size":17.16110610961914,"orthographic":false}