{"cameraMode":{"drawMode":0,"name":"Shaded","section":"Shading Mode"},"sceneLighting":true,"audioPlay":false,"sceneViewState":{"m_AlwaysRefresh":false,"showFog":true,"showSkybox":true,"showFlares":true,"showImageEffects":true,"showParticleSystems":true,"showVisualEffectGraphs":true,"m_FxEnabled":true},"in2DMode":false,"pivot":{"x":0.7891103625297546,"y":3.0857951641082765,"z":-8.714539527893067},"rotation":{"x":-0.10191185772418976,"y":-0.06501448154449463,"z":0.006669411435723305,"w":-0.9926385283470154},"size":1.0591903924942017,"orthographic":false}